<?xml version="1.0" encoding="UTF-8"?>
<!-- Generated by eXe - http://exelearning.net -->
<manifest identifier="eXeackagename636d17a526d69d42981" xmlns="http://www.imsproject.org/xsd/imscp_rootv1p1p2" xmlns:adlcp="http://www.adlnet.org/xsd/adlcp_rootv1p2" xmlns:imsmd="http://www.imsglobal.org/xsd/imsmd_v1p2" xmlns:xsi="http://www.w3.org/2001/XMLSchema-instance" xsi:schemaLocation="http://www.imsproject.org/xsd/imscp_rootv1p1p2 imscp_rootv1p1p2.xsd http://www.imsglobal.org/xsd/imsmd_rootv1p2p1 imsmd_rootv1p2p1.xsd http://www.adlnet.org/xsd/adlcp_rootv1p2 adlcp_rootv1p2.xsd" > 
<metadata> 
 <schema>ADL SCORM</schema> 
 <schemaversion>1.2</schemaversion> 
 <adlcp:location>imslrm.xml</adlcp:location> 
</metadata> 
<organizations default="eXeackagename636d17a526d69d42982">  
    <organization identifier="eXeackagename636d17a526d69d42982" structure="hierarchical">
        <title>二年級生活自然</title>
<item identifier="ITEM-eXeackagename636d17a526d69d42983" isvisible="true" identifierref="RES-eXeackagename636d17a526d69d42984">
    <title>二年級生活自然</title>
<item identifier="ITEM-eXeackagename636d17a526d69d42985" isvisible="true" identifierref="RES-eXeackagename636d17a526d69d42986">
    <title>神奇的種子</title>
<item identifier="ITEM-eXeackagename636d17a526d69d42997" isvisible="true" identifierref="RES-eXeackagename636d17a526d69d42998">
    <title>什麼是種子?</title>
</item>
<item identifier="ITEM-eXeackagename636d17a526d69d42999" isvisible="true" identifierref="RES-eXeackagename636d17a526d69d4299a">
    <title>種子的旅行</title>
</item>
<item identifier="ITEM-eXeackagename636d17a526d69d429ab" isvisible="true" identifierref="RES-eXeackagename636d17a526d69d429ac">
    <title>種子大奇觀</title>
</item>
</item>
</item>
  </organization>
</organizations>
<resources>
  <resource identifier="RES-eXeackagename636d17a526d69d42984" type="webcontent" adlcp:scormtype="sco" href="index.html"> 
    <file href="index.html"/> 
    <file href="exe_html5.js"/>
    <dependency identifierref="COMMON_FILES"/>
  </resource>
  <resource identifier="RES-eXeackagename636d17a526d69d42986" type="webcontent" adlcp:scormtype="sco" href="__.html"> 
    <file href="__.html"/> 
    <file href="exe_html5.js"/>
    <file href="unnamed.jpg"/>
    <file href="udl-character-1.gif"/>
    <file href="udl-character-2.gif"/>
    <file href="udl-character-3.gif"/>
    <file href="udl-character-4.gif"/>
    <file href="udl-content.css"/>
    <file href="udl-content.js"/>
    <file href="udl-icons-sm.png"/>
    <file href="udl-icons.png"/>
    <dependency identifierref="COMMON_FILES"/>
  </resource>
  <resource identifier="RES-eXeackagename636d17a526d69d42998" type="webcontent" adlcp:scormtype="sco" href="__0.html"> 
    <file href="__0.html"/> 
    <file href="exe_html5.js"/>
    <file href="common.js"/>
    <dependency identifierref="COMMON_FILES"/>
  </resource>
  <resource identifier="RES-eXeackagename636d17a526d69d4299a" type="webcontent" adlcp:scormtype="sco" href="__1.html"> 
    <file href="__1.html"/> 
    <file href="exe_html5.js"/>
    <file href="unnamed.PNG"/>
    <file href="stock-stop.png"/>
    <file href="panel-amusements.png"/>
    <file href="common.js"/>
    <dependency identifierref="COMMON_FILES"/>
  </resource>
  <resource identifier="RES-eXeackagename636d17a526d69d429ac" type="webcontent" adlcp:scormtype="sco" href="__2.html"> 
    <file href="__2.html"/> 
    <file href="exe_html5.js"/>
    <file href="exe_lightbox.css"/>
    <file href="exe_lightbox.js"/>
    <file href="exe_lightbox_default_thumb.png"/>
    <file href="exe_lightbox_loader.gif"/>
    <file href="exe_lightbox_sprite.png"/>
    <file href="exe_lightbox_sprite_next.png"/>
    <file href="exe_lightbox_sprite_prev.png"/>
    <file href="exe_lightbox_sprite_x.png"/>
    <file href="exe_lightbox_sprite_y.png"/>
    <file href="exe_effects.css"/>
    <file href="exe_effects.js"/>
    <dependency identifierref="COMMON_FILES"/>
  </resource>
  <resource identifier="COMMON_FILES" type="webcontent" adlcp:scormtype="asset">
    <file href="config.xml"/>
    <file href="content.css"/>
    <file href="icon_agreement.png"/>
    <file href="icon_alert.png"/>
    <file href="icon_arts.png"/>
    <file href="icon_attached.png"/>
    <file href="icon_cabinet.png"/>
    <file href="icon_calc.png"/>
    <file href="icon_collaborative.png"/>
    <file href="icon_competencies.png"/>
    <file href="icon_diary.png"/>
    <file href="icon_download.png"/>
    <file href="icon_english.png"/>
    <file href="icon_experiment.png"/>
    <file href="icon_geography.png"/>
    <file href="icon_history.png"/>
    <file href="icon_info.png"/>
    <file href="icon_java.png"/>
    <file href="icon_letters.png"/>
    <file href="icon_magnifier.png"/>
    <file href="icon_math.png"/>
    <file href="icon_music.png"/>
    <file href="icon_nature.png"/>
    <file href="icon_objective.png"/>
    <file href="icon_picture.png"/>
    <file href="icon_piece.png"/>
    <file href="icon_preknowledge.png"/>
    <file href="icon_question.png"/>
    <file href="icon_reading.png"/>
    <file href="icon_reflection.png"/>
    <file href="icon_rss.png"/>
    <file href="icon_share.png"/>
    <file href="icon_sport.png"/>
    <file href="icon_task.png"/>
    <file href="icon_technology.png"/>
    <file href="icon_theater.png"/>
    <file href="icon_think.png"/>
    <file href="icon_tool.png"/>
    <file href="icon_wikipedia.png"/>
    <file href="icon_write.png"/>
    <file href="nav.css"/>
    <file href="open-sans-bold.woff"/>
    <file href="open-sans-bold.woff2"/>
    <file href="open-sans.woff"/>
    <file href="open-sans.woff2"/>
    <file href="_style_icons.png"/>
    <file href="_style_idevice_header.gif"/>
    <file href="_style_js.js"/>
    <file href="base.css"/>
    <file href="popup_bg.gif"/>
    <file href="SCORM_API_wrapper.js"/>
    <file href="SCOFunctions.js"/>
    <file href="common.js"/>
    <file href="common_i18n.js"/>
    <file href="exe_jquery.js"/>
    <file href="content.xsd"/>
    <file href="content.data"/>
    <file href="contentv3.xml"/>
    <file href="imslrm.xml"/>
  </resource>
</resources>
</manifest>
